epoch,training_loss
1,1.3826905575823785
2,1.2565035038852692
3,1.1332562174981833
