epoch,training_loss
1,1.3826905575823785
2,1.2565035038852692
3,1.1332562174981833
4,1.079127892202586
5,1.0447495949733256
6,1.005813331257403
