epoch,training_loss
1,1.2822104724502563
2,1.1037828787696362
3,0.982529190132916
4,0.9187300395070924
5,0.8591203306237236
6,0.8231706376341731
7,0.799518903366439
8,0.761340319353412
9,0.7522175668151909
10,0.729591673765229
11,0.7132487605175563
12,0.6961668891390413
13,0.6797076452167752
14,0.67790191130528
15,0.6619752376171574
