epoch,training_loss
1,1.3382881931972503
2,1.2148017832279205
3,1.1388464871957897
4,1.0703957995305955
5,1.0397210733905062
6,1.0074371830397844
7,0.9699590504863486
8,0.9464628880208544
9,0.9401727512315661
10,0.916349981851317
11,0.9138696085173695
12,0.9121201930586854
13,0.8845231426300854
14,0.8935277794237435
15,0.885072804736006
