epoch,training_loss
1,1.3467388101863862
2,1.2342637207055092
3,1.1665391852408649
4,1.088394203712009
5,1.021965478335172
6,0.9760678706735373
7,0.932412978605628
8,0.8885559196664393
9,0.8601450664038957
10,0.8199227791721001
11,0.8012471144813299
12,0.7747369992699474
13,0.7602209702895582
14,0.7383182229132951
15,0.723973345745448
