epoch,training_loss
1,1.3371569424271583
2,1.198779695944786
3,1.1066875837656855
4,1.0724803898972273
5,1.0443016817992925
6,1.026830351985693
7,1.0160657264705748
8,1.0120874299891294
9,0.9965253734904528
10,0.9893138533449173
11,0.9795532875621319
12,0.9724753871247918
13,0.964568695833087
14,0.9549028357416391
15,0.9484484743204713
