epoch,training_loss
1,1.3371569424271583
2,1.198779695944786
3,1.1066875837656855
4,1.0724803898972273
5,1.0443016817992925
6,1.026830351985693
7,1.0160657264705748
