epoch,training_loss
1,1.3363882050800324
2,1.1391839745551349
3,1.0100106953164936
4,0.9450631505051256
5,0.9019431996549293
6,0.8620131677607353
7,0.8516047917493432
8,0.8213522626672126
9,0.8073379838321358
10,0.7987218905795529
11,0.7804288536954299
12,0.7674023645565472
13,0.7539192238628398
14,0.7491627965749614
15,0.7638293140996806
