epoch,training_loss
1,1.3011505253458022
2,1.1251239484405517
3,1.0589237247776986
4,1.015663326703608
5,0.9841402673709393
6,0.9666963541835546
7,0.9416488390029967
8,0.9260517058058083
9,0.9107030012065918
10,0.9007964345614612
11,0.8857226446297765
12,0.8730473589882255
13,0.8658934952908754
14,0.8581040829001367
15,0.8598472048139573
