epoch,training_loss
1,1.3267215219938755
2,1.2175169063270093
3,1.1853311053985358
4,1.236656823464185
5,1.266765626192093
6,1.3839361958265304
7,1.4937289318084717
8,1.6153100511932372
9,1.6142178605461122
10,1.6145757145118713
11,1.6147132173347474
12,1.5885004512119294
13,1.361883016896248
14,1.4695701112270356
15,1.4157210567784309
