epoch,training_loss
1,1.406127171845436
2,1.2785331293654443
