epoch,training_loss
1,1.406127171845436
2,1.2785331293654443
3,1.167158303066492
4,1.0963388780546188
5,1.0639730521011352
6,1.0448299502554537
7,1.0231487823134662
8,1.0180923941877484
9,1.0021279760488868
