epoch,training_loss
1,1.406127171845436
2,1.2785331293654443
3,1.167158303066492
4,1.0963388780546188
